Era,Region,LeptonType,miniIso_cut,sip3d_cut,Efficiency,Efficiency_Error,Pass_Events,Total_Events
2023,InnerBarrel,prompt,0.05,2.0,0.8397322782182152,0.00234328950895146,20581.444939871493,24509.53175640956
2023,InnerBarrel,prompt,0.05,3.0,0.8805744200526717,0.0020714011118365787,21582.466712162888,24509.53175640956
2023,InnerBarrel,prompt,0.05,4.0,0.8948298517392943,0.0019595166942266693,21931.860667787492,24509.53175640956
2023,InnerBarrel,prompt,0.05,5.0,0.8984896106603737,0.0019290534865515185,22021.55964528449,24509.53175640956
2023,InnerBarrel,prompt,0.05,6.0,0.899878726607559,0.001917289384262744,22055.606226705364,24509.53175640956
2023,InnerBarrel,prompt,0.08,2.0,0.8724026345768545,0.002131139264758857,21382.18007653678,24509.53175640956
2023,InnerBarrel,prompt,0.08,3.0,0.9149573747789808,0.0017817684022574268,22425.176832906553,24509.53175640956
2023,InnerBarrel,prompt,0.08,4.0,0.9297612834951821,0.0016323245225857497,22788.013703705277,24509.53175640956
2023,InnerBarrel,prompt,0.08,5.0,0.9335826203714551,0.0015905588433433484,22881.67288122623,24509.53175640956
2023,InnerBarrel,prompt,0.08,6.0,0.9350584330778499,0.0015740308866003614,22917.844359620125,24509.53175640956
2023,InnerBarrel,prompt,0.09,2.0,0.8789271619931768,0.0020836861119449502,21542.093188442697,24509.53175640956
2023,InnerBarrel,prompt,0.09,3.0,0.921826338604607,0.0017146965571862285,22593.531919924368,24509.53175640956
2023,InnerBarrel,prompt,0.09,4.0,0.9367656229701357,0.0015546212058317568,22959.686784499325,24509.53175640956
2023,InnerBarrel,prompt,0.09,5.0,0.9406218071951514,0.0015095708542480555,23054.200054220913,24509.53175640956
2023,InnerBarrel,prompt,0.09,6.0,0.9421124713939715,0.0014916824273528593,23090.735535740037,24509.53175640956
2023,InnerBarrel,prompt,0.1,2.0,0.884172521432705,0.002044121945680763,21670.654492199596,24509.53175640956
2023,InnerBarrel,prompt,0.1,3.0,0.9273500539085497,0.0016579521482173885,22728.915595579718,24509.53175640956
2023,InnerBarrel,prompt,0.1,4.0,0.9423795734315785,0.0014884479743137947,23097.282081612968,24509.53175640956
2023,InnerBarrel,prompt,0.1,5.0,0.9462577913724706,0.0014404393678651354,23192.33538739354,24509.53175640956
2023,InnerBarrel,prompt,0.1,6.0,0.9477641731410339,0.0014212382052659943,23229.25609918742,24509.53175640956
2023,InnerBarrel,prompt,0.11,2.0,0.8885828453062543,0.0020098214960251447,21778.749465234403,24509.53175640956
2023,InnerBarrel,prompt,0.11,3.0,0.9319713705392512,0.0016083465776603092,22842.181902296317,24509.53175640956
2023,InnerBarrel,prompt,0.11,4.0,0.9470781508978745,0.001430022618409021,23212.4420152331,24509.53175640956
2023,InnerBarrel,prompt,0.11,5.0,0.9509741805970333,0.0013792064714648106,23307.93187886855,24509.53175640956
2023,InnerBarrel,prompt,0.11,6.0,0.9524859847371009,0.0013588535592642937,23344.985490449006,24509.53175640956
2023,InnerBarrel,prompt,0.12,2.0,0.8922911936976688,0.001980210698911189,21869.63934789761,24509.53175640956
2023,InnerBarrel,prompt,0.12,3.0,0.9358647991821482,0.0015649024788968143,22937.608015260717,24509.53175640956
2023,InnerBarrel,prompt,0.12,4.0,0.951052746867439,0.0013781578313275136,23309.85750136804,24509.53175640956
2023,InnerBarrel,prompt,0.12,5.0,0.9549642965898772,0.001324660344866786,23405.727753506915,24509.53175640956
2023,InnerBarrel,prompt,0.12,6.0,0.956482300379733,0.0013031785615818306,23442.933315600734,24509.53175640956
2023,InnerBarrel,conv,0.05,2.0,0.6266566524353073,0.18030469933509433,4.509762115718331,7.196543909958564
2023,InnerBarrel,conv,0.05,3.0,0.665320349370869,0.1759009022646907,4.788007108436432,7.196543909958564
2023,InnerBarrel,conv,0.05,4.0,0.6810328284436431,0.1737380838572774,4.901082654017955,7.196543909958564
2023,InnerBarrel,conv,0.05,5.0,0.6842412838550184,0.17326878137042773,4.924172444269061,7.196543909958564
2023,InnerBarrel,conv,0.05,6.0,0.6842412838550184,0.17326878137042773,4.924172444269061,7.196543909958564
2023,InnerBarrel,conv,0.08,2.0,0.7199773240464798,0.1673763219561178,5.181348426674958,7.196543909958564
2023,InnerBarrel,conv,0.08,3.0,0.7634735070228365,0.15840719075854484,5.4943706173799,7.196543909958564
2023,InnerBarrel,conv,0.08,4.0,0.7791859860956104,0.15462221589652034,5.607446162961423,7.196543909958564
2023,InnerBarrel,conv,0.08,5.0,0.7823944415069857,0.15381046345190263,5.630535953212529,7.196543909958564
2023,InnerBarrel,conv,0.08,6.0,0.7823944415069857,0.15381046345190263,5.630535953212529,7.196543909958564
2023,InnerBarrel,conv,0.09,2.0,0.7285652882220763,0.16576961961856373,5.243152087961789,7.196543909958564
2023,InnerBarrel,conv,0.09,3.0,0.7811538212803636,0.15412595297514947,5.621607775276061,7.196543909958564
2023,InnerBarrel,conv,0.09,4.0,0.7968663003531377,0.14997598735835194,5.7346833208575845,7.196543909958564
2023,InnerBarrel,conv,0.09,5.0,0.8000747557645129,0.14908608544793917,5.7577731111086905,7.196543909958564
2023,InnerBarrel,conv,0.09,6.0,0.8000747557645129,0.14908608544793917,5.7577731111086905,7.196543909958564
2023,InnerBarrel,conv,0.1,2.0,0.7527639662785557,0.16081379655191438,5.417298937158193,7.196543909958564
2023,InnerBarrel,conv,0.1,3.0,0.8053524993368429,0.14758948978990152,5.795754624472465,7.196543909958564
2023,InnerBarrel,conv,0.1,4.0,0.821064978409617,0.1428809895401163,5.908830170053989,7.196543909958564
2023,InnerBarrel,conv,0.1,5.0,0.8242734338209922,0.14187058938571095,5.931919960305095,7.196543909958564
2023,InnerBarrel,conv,0.1,6.0,0.8242734338209922,0.14187058938571095,5.931919960305095,7.196543909958564
2023,InnerBarrel,conv,0.11,2.0,0.7630966833188023,0.15849419618986066,5.491658789047506,7.196543909958564
2023,InnerBarrel,conv,0.11,3.0,0.8156852163770896,0.1445371181006853,5.870114476361778,7.196543909958564
2023,InnerBarrel,conv,0.11,4.0,0.8313976954498636,0.13956424535632603,5.983190021943301,7.196543909958564
2023,InnerBarrel,conv,0.11,5.0,0.8346061508612389,0.1384963978375254,6.006279812194407,7.196543909958564
2023,InnerBarrel,conv,0.11,6.0,0.8346061508612389,0.1384963978375254,6.006279812194407,7.196543909958564
2023,InnerBarrel,conv,0.12,2.0,0.7742645426863799,0.15584130862051118,5.572028779366519,7.196543909958564
2023,InnerBarrel,conv,0.12,3.0,0.8308753100716382,0.13973636569831666,5.979430652630981,7.196543909958564
2023,InnerBarrel,conv,0.12,4.0,0.8465877891444122,0.13433957641297498,6.092506198212504,7.196543909958564
2023,InnerBarrel,conv,0.12,5.0,0.8497962445557874,0.1331790183869821,6.11559598846361,7.196543909958564
2023,InnerBarrel,conv,0.12,6.0,0.8497962445557874,0.1331790183869821,6.11559598846361,7.196543909958564
2023,InnerBarrel,fromTau,0.05,2.0,0.4369736025204334,0.009330801854063186,1234.813097954262,2825.8299605100765
2023,InnerBarrel,fromTau,0.05,3.0,0.5238136142561711,0.00939515318599494,1480.2082048881566,2825.8299605100765
2023,InnerBarrel,fromTau,0.05,4.0,0.6078745041193117,0.009184309107202457,1717.7499859705567,2825.8299605100765
2023,InnerBarrel,fromTau,0.05,5.0,0.6650569660342741,0.008878546746763402,1879.337900065584,2825.8299605100765
2023,InnerBarrel,fromTau,0.05,6.0,0.7042129037498975,0.008585559228697812,1989.9859219942591,2825.8299605100765
2023,InnerBarrel,fromTau,0.08,2.0,0.4636094444502988,0.009380882275459856,1310.0814581030863,2825.8299605100765
2023,InnerBarrel,fromTau,0.08,3.0,0.5561558754227791,0.009346316629805167,1571.6019354833988,2825.8299605100765
2023,InnerBarrel,fromTau,0.08,4.0,0.6457460322103562,0.008997362576959156,1824.7684847005294,2825.8299605100765
2023,InnerBarrel,fromTau,0.08,5.0,0.7065467883383997,0.008565779371600335,1996.5810829888214,2825.8299605100765
2023,InnerBarrel,fromTau,0.08,6.0,0.7485878103941154,0.00816096523941535,2115.3818626843276,2825.8299605100765
2023,InnerBarrel,fromTau,0.09,2.0,0.46928913603020567,0.009388067998130384,1326.131300736044,2825.8299605100765
2023,InnerBarrel,fromTau,0.09,3.0,0.5631887017645947,0.009330413385972066,1591.4755068671657,2825.8299605100765
2023,InnerBarrel,fromTau,0.09,4.0,0.653961459717801,0.008948810267166936,1847.9838858894655,2825.8299605100765
2023,InnerBarrel,fromTau,0.09,5.0,0.7155283172847855,0.00848711175963672,2021.9613565767067,2825.8299605100765
2023,InnerBarrel,fromTau,0.09,6.0,0.7581565809467605,0.008055149012820203,2142.421581197239,2825.8299605100765
2023,InnerBarrel,fromTau,0.1,2.0,0.4741248445558803,0.009393223818451736,1339.7961907681893,2825.8299605100765
2023,InnerBarrel,fromTau,0.1,3.0,0.5688875855025575,0.009316128712486105,1607.5795832753647,2825.8299605100765
2023,InnerBarrel,fromTau,0.1,4.0,0.6605980364983249,0.00890743786991568,1866.7377233910956,2825.8299605100765
2023,InnerBarrel,fromTau,0.1,5.0,0.7230331901781204,0.008418214130166876,2043.1688512485125,2825.8299605100765
2023,InnerBarrel,fromTau,0.1,6.0,0.7662475519928947,0.007961403240242545,2165.2852895890246,2825.8299605100765
2023,InnerBarrel,fromTau,0.11,2.0,0.47805493466896287,0.009396763315684736,1350.9019571572426,2825.8299605100765
2023,InnerBarrel,fromTau,0.11,3.0,0.5738731719323009,0.009302600854865029,1621.6680027792463,2825.8299605100765
2023,InnerBarrel,fromTau,0.11,4.0,0.6663581978814658,0.008869948310025499,1883.014960004948,2825.8299605100765
2023,InnerBarrel,fromTau,0.11,5.0,0.7293044982649173,0.00835837694343795,2060.8905015317723,2825.8299605100765
2023,InnerBarrel,fromTau,0.11,6.0,0.7729854229702117,0.007880241220660368,2184.325367266778,2825.8299605100765
2023,InnerBarrel,fromTau,0.12,2.0,0.48122558095669143,0.00939919406173411,1359.861664431286,2825.8299605100765
2023,InnerBarrel,fromTau,0.12,3.0,0.5776925557516094,0.009291583656949336,1632.4609320065356,2825.8299605100765
2023,InnerBarrel,fromTau,0.12,4.0,0.6706977675838901,0.008840722426307847,1895.2778460857808,2825.8299605100765
2023,InnerBarrel,fromTau,0.12,5.0,0.7341455635465379,0.00831074644823955,2074.570528845361,2825.8299605100765
2023,InnerBarrel,fromTau,0.12,6.0,0.7781294569507358,0.007816327335319194,2198.8615326068248,2825.8299605100765
2023,InnerBarrel,fromL,0.05,2.0,0.12619369707701475,0.051684867985254596,5.209111798088998,41.27870027383324
2023,InnerBarrel,fromL,0.05,3.0,0.1410459636694832,0.05417541993987053,5.822194059146568,41.27870027383324
2023,InnerBarrel,fromL,0.05,4.0,0.1534089783502097,0.05609177855718217,6.332523236633278,41.27870027383324
2023,InnerBarrel,fromL,0.05,5.0,0.15607158823335054,0.05648741773161602,6.442432311945595,41.27870027383324
2023,InnerBarrel,fromL,0.05,6.0,0.15918637169133953,0.056942929473247784,6.571006524725817,41.27870027383324
2023,InnerBarrel,fromL,0.08,2.0,0.1494944799983611,0.05549938102887602,6.170937832444906,41.27870027383324
2023,InnerBarrel,fromL,0.08,3.0,0.16804512579778677,0.05819689820741477,6.936684380285442,41.27870027383324
2023,InnerBarrel,fromL,0.08,4.0,0.18063249212384563,0.05987896688422192,7.456274502095766,41.27870027383324
2023,InnerBarrel,fromL,0.08,5.0,0.1846403863532948,0.06039137822853412,7.621715166722424,41.27870027383324
2023,InnerBarrel,fromL,0.08,6.0,0.1892509511259127,0.06096762146068013,7.812033288064413,41.27870027383324
2023,InnerBarrel,fromL,0.09,2.0,0.1518116094634096,0.0558516035991734,6.266585925128311,41.27870027383324
2023,InnerBarrel,fromL,0.09,3.0,0.17155168858010272,0.058676905224908454,7.081430734368041,41.27870027383324
2023,InnerBarrel,fromL,0.09,4.0,0.18498540776809574,0.060434985284436,7.635957202292047,41.27870027383324
2023,InnerBarrel,fromL,0.09,5.0,0.19043569642992603,0.061113456457308174,7.86093803436961,41.27870027383324
2023,InnerBarrel,fromL,0.09,6.0,0.19504626120254392,0.061672459532781276,8.051256155711599,41.27870027383324
2023,InnerBarrel,fromL,0.1,2.0,0.156779829728127,0.05659167916150541,6.471667600329965,41.27870027383324
2023,InnerBarrel,fromL,0.1,3.0,0.17776236323263847,0.05950529006033283,7.337799311848357,41.27870027383324
2023,InnerBarrel,fromL,0.1,4.0,0.19137471295099892,0.0612284024490904,7.899699415895157,41.27870027383324
2023,InnerBarrel,fromL,0.1,5.0,0.19682500161282918,0.06188454685384125,8.12468024797272,41.27870027383324
2023,InnerBarrel,fromL,0.1,6.0,0.20143556638544707,0.06242521570287833,8.314998369314708,41.27870027383324
2023,InnerBarrel,fromL,0.11,2.0,0.16262550600911616,0.05743692584583783,6.7129695194307715,41.27870027383324
2023,InnerBarrel,fromL,0.11,3.0,0.18367175388814433,0.06026852896704929,7.581731277517974,41.27870027383324
2023,InnerBarrel,fromL,0.11,4.0,0.1984061817992466,0.06207143306353074,8.189949310966767,41.27870027383324
2023,InnerBarrel,fromL,0.11,5.0,0.2044098303038374,0.06276717547571449,8.437772118137218,41.27870027383324
2023,InnerBarrel,fromL,0.11,6.0,0.20902039507645528,0.06328692108552997,8.628090239479207,41.27870027383324
2023,InnerBarrel,fromL,0.12,2.0,0.170347750728934,0.05851311813211992,7.031733744661324,41.27870027383324
2023,InnerBarrel,fromL,0.12,3.0,0.19561115706142174,0.06174002811377588,8.074574322556145,41.27870027383324
2023,InnerBarrel,fromL,0.12,4.0,0.21198699468562027,0.06361481878157657,8.750547615578398,41.27870027383324
2023,InnerBarrel,fromL,0.12,5.0,0.21799064319021105,0.06426313287947588,8.998370422748849,41.27870027383324
2023,InnerBarrel,fromL,0.12,6.0,0.22270999403854563,0.0647587396544482,9.193179091904312,41.27870027383324
2023,InnerBarrel,fromC,0.05,2.0,0.017970714849716102,0.0064810907180474385,7.5502084900508635,420.1395744794281
2023,InnerBarrel,fromC,0.05,3.0,0.022773859749454187,0.007278117506247484,9.568199744389858,420.1395744794281
2023,InnerBarrel,fromC,0.05,4.0,0.028070445902364065,0.008058333819418109,11.793505196867045,420.1395744794281
2023,InnerBarrel,fromC,0.05,5.0,0.031135391017046255,0.008473482025866319,13.081209933152422,420.1395744794281
2023,InnerBarrel,fromC,0.05,6.0,0.03278360655916384,0.008687471509035042,13.773690509668086,420.1395744794281
2023,InnerBarrel,fromC,0.08,2.0,0.024014955979036714,0.00746905544106301,10.089633386174683,420.1395744794281
2023,InnerBarrel,fromC,0.08,3.0,0.030545772636143036,0.008395419779054192,12.833487917494494,420.1395744794281
2023,InnerBarrel,fromC,0.08,4.0,0.03738715755212608,0.009255294750428121,15.707824464945588,420.1395744794281
2023,InnerBarrel,fromC,0.08,5.0,0.041479083523175385,0.009727888353959175,17.427004501223564,420.1395744794281
2023,InnerBarrel,fromC,0.08,6.0,0.043990742356777655,0.01000494945085809,18.48225177481072,420.1395744794281
2023,InnerBarrel,fromC,0.09,2.0,0.026156943029361855,0.007786480203252502,10.989566914038733,420.1395744794281
2023,InnerBarrel,fromC,0.09,3.0,0.032905430124645155,0.008703049683445997,13.824873410630971,420.1395744794281
2023,InnerBarrel,fromC,0.09,4.0,0.039873616927129166,0.00954575365286791,16.75248444871977,420.1395744794281
2023,InnerBarrel,fromC,0.09,5.0,0.04402473076655417,0.010008635828541031,18.496531650831457,420.1395744794281
2023,InnerBarrel,fromC,0.09,6.0,0.04672706389179582,0.01029665312669338,19.631888740172144,420.1395744794281
2023,InnerBarrel,fromC,0.1,2.0,0.028282866825634245,0.008087882789347476,11.882751633180305,420.1395744794281
2023,InnerBarrel,fromC,0.1,3.0,0.03556996796905687,0.009036084931766398,14.944351206766441,420.1395744794281
2023,InnerBarrel,fromC,0.1,4.0,0.04331538087176238,0.009931358723225255,18.198505687876604,420.1395744794281
2023,InnerBarrel,fromC,0.1,5.0,0.047623273297856386,0.010390039834993694,20.008421778678894,420.1395744794281
2023,InnerBarrel,fromC,0.1,6.0,0.050716835568568194,0.010704765743126522,21.308149714721367,420.1395744794281
2023,InnerBarrel,fromC,0.11,2.0,0.030883082862490262,0.008440178180662603,12.975205292459577,420.1395744794281
2023,InnerBarrel,fromC,0.11,3.0,0.03867001935674611,0.009406469300864473,16.24680547765456,420.1395744794281
2023,InnerBarrel,fromC,0.11,4.0,0.046981126261247286,0.01032323151101252,19.73863039596472,420.1395744794281
2023,InnerBarrel,fromC,0.11,5.0,0.05142283581855964,0.010775006692132784,21.60476835933514,420.1395744794281
2023,InnerBarrel,fromC,0.11,6.0,0.054963708513300534,0.011118993122730665,23.092429106589407,420.1395744794281
2023,InnerBarrel,fromC,0.12,2.0,0.03313406785610546,0.008732200762217314,13.920933169836644,420.1395744794281
2023,InnerBarrel,fromC,0.12,3.0,0.0422454060130776,0.009813412861114474,17.748966906045098,420.1395744794281
2023,InnerBarrel,fromC,0.12,4.0,0.0514185246499472,0.01077457949165836,21.602957066788804,420.1395744794281
2023,InnerBarrel,fromC,0.12,5.0,0.056351001906734546,0.011250174712623549,23.675285962584894,420.1395744794281
2023,InnerBarrel,fromC,0.12,6.0,0.06006731417041222,0.011592328706153088,25.236655815679114,420.1395744794281
2023,InnerBarrel,fromB,0.05,2.0,0.022319282652481995,0.0019250109556488157,131.4289695902262,5888.583949431311
2023,InnerBarrel,fromB,0.05,3.0,0.02954922058377987,0.002206756102107862,174.00306604785146,5888.583949431311
2023,InnerBarrel,fromB,0.05,4.0,0.035649975804118966,0.0024162481367504007,209.92787531774957,5888.583949431311
2023,InnerBarrel,fromB,0.05,5.0,0.039158488748007286,0.0025277458421623716,230.5880483255023,5888.583949431311
2023,InnerBarrel,fromB,0.05,6.0,0.04225949821245038,0.0026216859061614574,248.84860288485652,5888.583949431311
2023,InnerBarrel,fromB,0.08,2.0,0.03010133487230715,0.0022266431602516955,177.2542373855249,5888.583949431311
2023,InnerBarrel,fromB,0.08,3.0,0.0397644569743654,0.0025464255385785383,234.15634309710003,5888.583949431311
2023,InnerBarrel,fromB,0.08,4.0,0.04824957499457942,0.002792562169491285,284.1216728799627,5888.583949431311
2023,InnerBarrel,fromB,0.08,5.0,0.053392137862323934,0.0029296670968406288,314.4040860419045,5888.583949431311
2023,InnerBarrel,fromB,0.08,6.0,0.05793863332122438,0.0030445161693293966,341.176506227348,5888.583949431311
2023,InnerBarrel,fromB,0.09,2.0,0.03283617746526776,0.0023223136944824107,193.35858758265385,5888.583949431311
2023,InnerBarrel,fromB,0.09,3.0,0.043136905008513464,0.0026475487032423966,254.01528646127554,5888.583949431311
2023,InnerBarrel,fromB,0.09,4.0,0.05242581651583413,0.002904516019551736,308.7138216709718,5888.583949431311
2023,InnerBarrel,fromB,0.09,5.0,0.058188704624206375,0.003050674392161208,342.6490720883012,5888.583949431311
2023,InnerBarrel,fromB,0.09,6.0,0.06315131361001287,0.0031697169703561183,371.87181170942495,5888.583949431311
2023,InnerBarrel,fromB,0.1,2.0,0.03563080271978463,0.0024156223155605582,209.8149730010773,5888.583949431311
2023,InnerBarrel,fromB,0.1,3.0,0.04675883378737927,0.002751235677270522,275.3433181344881,5888.583949431311
2023,InnerBarrel,fromB,0.1,4.0,0.05684793491083681,0.003017468680022191,334.75383707426954,5888.583949431311
2023,InnerBarrel,fromB,0.1,5.0,0.06324121346762654,0.0031718201188462142,372.40119456802495,5888.583949431311
2023,InnerBarrel,fromB,0.1,6.0,0.06876714134525111,0.0032977231723510764,404.94108477392,5888.583949431311
2023,InnerBarrel,fromB,0.11,2.0,0.038410831211625196,0.00250447210414045,226.1854041570914,5888.583949431311
2023,InnerBarrel,fromB,0.11,3.0,0.05043832984712437,0.0028519144988382083,297.0103395738988,5888.583949431311
2023,InnerBarrel,fromB,0.11,4.0,0.06132196994676396,0.003126518049102293,361.09956797602354,5888.583949431311
2023,InnerBarrel,fromB,0.11,5.0,0.06819955059693555,0.0032850862676303775,401.5987790035433,5888.583949431311
2023,InnerBarrel,fromB,0.11,6.0,0.07429421876594716,0.0034175003105623887,437.487744160695,5888.583949431311
2023,InnerBarrel,fromB,0.12,2.0,0.04151284497484388,0.0025994349986490817,244.45187261409592,5888.583949431311
2023,InnerBarrel,fromB,0.12,3.0,0.05450514166095256,0.0029583045852771385,320.9581023461651,5888.583949431311
2023,InnerBarrel,fromB,0.12,4.0,0.06640621263725932,0.0032447250147382744,391.038557878288,5888.583949431311
2023,InnerBarrel,fromB,0.12,5.0,0.07402330304139325,0.0034117627509227177,435.89243417343823,5888.583949431311
2023,InnerBarrel,fromB,0.12,6.0,0.08071557145578091,0.00354975336377651,475.30041854368756,5888.583949431311
2023,InnerBarrel,fromPU,0.05,2.0,0.007769923948544104,0.002664926113437811,8.434815317916218,1085.5724423784995
2023,InnerBarrel,fromPU,0.05,3.0,0.011450822194676108,0.003229148891107172,12.430697017116472,1085.5724423784995
2023,InnerBarrel,fromPU,0.05,4.0,0.023783417515806385,0.004624670710447701,25.818622640741523,1085.5724423784995
2023,InnerBarrel,fromPU,0.05,5.0,0.04443066551150372,0.006253787301167266,48.23270607582526,1085.5724423784995
2023,InnerBarrel,fromPU,0.05,6.0,0.06362778277949394,0.007408294689883793,69.07256755506387,1085.5724423784995
2023,InnerBarrel,fromPU,0.08,2.0,0.009060577293080421,0.0028758887566098287,9.835913021408487,1085.5724423784995
2023,InnerBarrel,fromPU,0.08,3.0,0.013352402935004396,0.003483624538155922,14.495000665774569,1085.5724423784995
2023,InnerBarrel,fromPU,0.08,4.0,0.027912989414040284,0.004999497325324231,30.301572092284914,1085.5724423784995
2023,InnerBarrel,fromPU,0.08,5.0,0.053114615792951986,0.0068065387860016015,57.65976319235051,1085.5724423784995
2023,InnerBarrel,fromPU,0.08,6.0,0.07768291791661537,0.008124066807489345,84.33043493382866,1085.5724423784995
2023,InnerBarrel,fromPU,0.09,2.0,0.009323840768863842,0.002916982844172293,10.121704595803749,1085.5724423784995
2023,InnerBarrel,fromPU,0.09,3.0,0.01387104440878313,0.003549703114386769,15.058023557183333,1085.5724423784995
2023,InnerBarrel,fromPU,0.09,4.0,0.029223531213063068,0.005112067287428309,31.72426015388919,1085.5724423784995
2023,InnerBarrel,fromPU,0.09,5.0,0.05564902071969611,0.006957706032798607,60.411043338652235,1085.5724423784995
2023,InnerBarrel,fromPU,0.09,6.0,0.08151881554042961,0.008304904778997473,88.49457968602655,1085.5724423784995
2023,InnerBarrel,fromPU,0.1,2.0,0.009595959705450203,0.0029588367518968133,10.417109414411243,1085.5724423784995
2023,InnerBarrel,fromPU,0.1,3.0,0.014299210050172512,0.0036032896163402587,15.52282837824896,1085.5724423784995
2023,InnerBarrel,fromPU,0.1,4.0,0.030285198407037,0.005201251078984202,32.8767768026446,1085.5724423784995
2023,InnerBarrel,fromPU,0.1,5.0,0.05808836546412305,0.007099377236499861,63.05912877066294,1085.5724423784995
2023,InnerBarrel,fromPU,0.1,6.0,0.08514316385710814,0.008470753733603717,92.42907234019367,1085.5724423784995
2023,InnerBarrel,fromPU,0.11,2.0,0.009821287651548551,0.0029930336748750313,10.661719223193359,1085.5724423784995
2023,InnerBarrel,fromPU,0.11,3.0,0.014767155185307976,0.0036609049662323628,16.030816721497104,1085.5724423784995
2023,InnerBarrel,fromPU,0.11,4.0,0.031327992755402025,0.005287194104825946,34.00880561029771,1085.5724423784995
2023,InnerBarrel,fromPU,0.11,5.0,0.06057909446382194,0.007240392233617814,65.76299553416902,1085.5724423784995
2023,InnerBarrel,fromPU,0.11,6.0,0.08901915341232677,0.008643048456458427,96.63673978828592,1085.5724423784995
2023,InnerBarrel,fromPU,0.12,2.0,0.010017928930101543,0.003022548183725049,10.875187576224562,1085.5724423784995
2023,InnerBarrel,fromPU,0.12,3.0,0.015123975612888519,0.0037041994401366516,16.418171144556254,1085.5724423784995
2023,InnerBarrel,fromPU,0.12,4.0,0.03226229146224896,0.00536286706907227,35.02305453940062,1085.5724423784995
2023,InnerBarrel,fromPU,0.12,5.0,0.062408400407986134,0.007341739561430226,67.74883965583285,1085.5724423784995
2023,InnerBarrel,fromPU,0.12,6.0,0.0920782043294574,0.008775527602154826,99.9575611637556,1085.5724423784995
2023,InnerBarrel,unknown,0.05,2.0,0.1613207252144561,0.21214094009633405,0.48498383595142514,3.00633310014382
2023,InnerBarrel,unknown,0.05,3.0,0.17288870415370855,0.21809551583301298,0.5197610339382663,3.00633310014382
2023,InnerBarrel,unknown,0.05,4.0,0.17288870415370855,0.21809551583301298,0.5197610339382663,3.00633310014382
2023,InnerBarrel,unknown,0.05,5.0,0.18445877973061722,0.22369386570164254,0.5545445351162925,3.00633310014382
2023,InnerBarrel,unknown,0.05,6.0,0.18445877973061722,0.22369386570164254,0.5545445351162925,3.00633310014382
2023,InnerBarrel,unknown,0.08,2.0,0.18388051836001146,0.22342212747517629,0.5528060888173059,3.00633310014382
2023,InnerBarrel,unknown,0.08,3.0,0.20377557813543062,0.2323139369922278,0.6126172655494884,3.00633310014382
2023,InnerBarrel,unknown,0.08,4.0,0.20377557813543062,0.2323139369922278,0.6126172655494884,3.00633310014382
2023,InnerBarrel,unknown,0.08,5.0,0.2153456537123393,0.23707660452694712,0.6474007667275146,3.00633310014382
2023,InnerBarrel,unknown,0.08,6.0,0.2153456537123393,0.23707660452694712,0.6474007667275146,3.00633310014382
2023,InnerBarrel,unknown,0.09,2.0,0.18388051836001146,0.22342212747517629,0.5528060888173059,3.00633310014382
2023,InnerBarrel,unknown,0.09,3.0,0.20377557813543062,0.2323139369922278,0.6126172655494884,3.00633310014382
2023,InnerBarrel,unknown,0.09,4.0,0.20377557813543062,0.2323139369922278,0.6126172655494884,3.00633310014382
2023,InnerBarrel,unknown,0.09,5.0,0.2153456537123393,0.23707660452694712,0.6474007667275146,3.00633310014382
2023,InnerBarrel,unknown,0.09,6.0,0.2153456537123393,0.23707660452694712,0.6474007667275146,3.00633310014382
2023,InnerBarrel,unknown,0.1,2.0,0.18388051836001146,0.22342212747517629,0.5528060888173059,3.00633310014382
2023,InnerBarrel,unknown,0.1,3.0,0.20377557813543062,0.2323139369922278,0.6126172655494884,3.00633310014382
2023,InnerBarrel,unknown,0.1,4.0,0.20377557813543062,0.2323139369922278,0.6126172655494884,3.00633310014382
2023,InnerBarrel,unknown,0.1,5.0,0.2153456537123393,0.23707660452694712,0.6474007667275146,3.00633310014382
2023,InnerBarrel,unknown,0.1,6.0,0.2153456537123393,0.23707660452694712,0.6474007667275146,3.00633310014382
2023,InnerBarrel,unknown,0.11,2.0,0.193228229543341,0.22771523359563423,0.5809084223583341,3.00633310014382
2023,InnerBarrel,unknown,0.11,3.0,0.21312328931876018,0.2361838793909072,0.6407195990905166,3.00633310014382
2023,InnerBarrel,unknown,0.11,4.0,0.21312328931876018,0.2361838793909072,0.6407195990905166,3.00633310014382
2023,InnerBarrel,unknown,0.11,5.0,0.22469336489566888,0.240720637636657,0.6755031002685428,3.00633310014382
2023,InnerBarrel,unknown,0.11,6.0,0.22469336489566888,0.240720637636657,0.6755031002685428,3.00633310014382
2023,InnerBarrel,unknown,0.12,2.0,0.193228229543341,0.22771523359563423,0.5809084223583341,3.00633310014382
2023,InnerBarrel,unknown,0.12,3.0,0.21862761805590167,0.23837625400429327,0.6572674447670579,3.00633310014382
2023,InnerBarrel,unknown,0.12,4.0,0.21862761805590167,0.23837625400429327,0.6572674447670579,3.00633310014382
2023,InnerBarrel,unknown,0.12,5.0,0.23019769363281037,0.24278482533481027,0.6920509459450841,3.00633310014382
2023,InnerBarrel,unknown,0.12,6.0,0.23019769363281037,0.24278482533481027,0.6920509459450841,3.00633310014382
2023,OuterBarrel,prompt,0.05,2.0,0.810227351359196,0.003339968524663904,11167.672527317714,13783.381304745388
2023,OuterBarrel,prompt,0.05,3.0,0.8555569143541613,0.002994297488958614,11792.467178454797,13783.381304745388
2023,OuterBarrel,prompt,0.05,4.0,0.8784729964052698,0.002783060950446008,12108.328275376058,13783.381304745388
2023,OuterBarrel,prompt,0.05,5.0,0.8855585752314787,0.0027115797946783977,12205.991510102525,13783.381304745388
2023,OuterBarrel,prompt,0.05,6.0,0.8884914569231122,0.002681037037186473,12246.416536780016,13783.381304745388
2023,OuterBarrel,prompt,0.08,2.0,0.8442829931232679,0.0030884043741033437,11637.07442332973,13783.381304745388
2023,OuterBarrel,prompt,0.08,3.0,0.8917641121745353,0.002646261461124261,12291.524791989359,13783.381304745388
2023,OuterBarrel,prompt,0.08,4.0,0.9156713307795676,0.0023668980208344796,12621.047101958422,13783.381304745388
2023,OuterBarrel,prompt,0.08,5.0,0.9231206576443626,0.0022691132894529214,12723.724014599575,13783.381304745388
2023,OuterBarrel,prompt,0.08,6.0,0.9261759998969994,0.00222724330851446,12765.836961884168,13783.381304745388
2023,OuterBarrel,prompt,0.09,2.0,0.8512732127555472,0.003030757556828991,11733.423285925353,13783.381304745388
2023,OuterBarrel,prompt,0.09,3.0,0.8992337389735571,0.00256398797078925,12394.48150636442,13783.381304745388
2023,OuterBarrel,prompt,0.09,4.0,0.9233523732397803,0.0022659754781176053,12726.917839005473,13783.381304745388
2023,OuterBarrel,prompt,0.09,5.0,0.9308728245631458,0.0021606861918131224,12830.575087179197,13783.381304745388
2023,OuterBarrel,prompt,0.09,6.0,0.9339538671946536,0.0021154780512820277,12873.042272585444,13783.381304745388
2023,OuterBarrel,prompt,0.1,2.0,0.8570479766584427,0.0029813971708159636,11813.019058743841,13783.381304745388
2023,OuterBarrel,prompt,0.1,3.0,0.905379900634333,0.002493039956164463,12479.196396095504,13783.381304745388
2023,OuterBarrel,prompt,0.1,4.0,0.9296767678801846,0.0021778978960839486,12814.089381855854,13783.381304745388
2023,OuterBarrel,prompt,0.1,5.0,0.9372791155813416,0.002065202640180297,12918.875439032156,13783.381304745388
2023,OuterBarrel,prompt,0.1,6.0,0.9403729988376704,0.002016943227122834,12961.519611666503,13783.381304745388
2023,OuterBarrel,prompt,0.11,2.0,0.8619858476893778,0.002937879599901255,11881.079617996875,13783.381304745388
2023,OuterBarrel,prompt,0.11,3.0,0.9106471339357123,0.0024296931030998088,12551.796681109467,13783.381304745388
2023,OuterBarrel,prompt,0.11,4.0,0.9351026886853141,0.002098288110151573,12888.876917242305,13783.381304745388
2023,OuterBarrel,prompt,0.11,5.0,0.9427596660856788,0.0019786714657806606,12994.41595639335,13783.381304745388
2023,OuterBarrel,prompt,0.11,6.0,0.9458786459043413,0.0019271883076796119,13037.406044515781,13783.381304745388
2023,OuterBarrel,prompt,0.12,2.0,0.8660764013722346,0.002900873379001014,11937.46127915522,13783.381304745388
2023,OuterBarrel,prompt,0.12,3.0,0.9150060428580935,0.002375352789511559,12611.877184859302,13783.381304745388
2023,OuterBarrel,prompt,0.12,4.0,0.9395794521956486,0.0020294632863049047,12950.581855716417,13783.381304745388
2023,OuterBarrel,prompt,0.12,5.0,0.9472774107867854,0.0019035271273378292,13056.685754246195,13783.381304745388
2023,OuterBarrel,prompt,0.12,6.0,0.950407027471665,0.0018492132820825242,13099.822454351583,13783.381304745388
2023,OuterBarrel,conv,0.05,2.0,0.5481492768619116,0.2624523693924359,1.9710229309275746,3.5957776724826545
2023,OuterBarrel,conv,0.05,3.0,0.6033874231805647,0.2579793546640248,2.1696470241295174,3.5957776724826545
2023,OuterBarrel,conv,0.05,4.0,0.6331168166319854,0.2541612933238607,2.276547313318588,3.5957776724826545
2023,OuterBarrel,conv,0.05,5.0,0.6331168166319854,0.2541612933238607,2.276547313318588,3.5957776724826545
2023,OuterBarrel,conv,0.05,6.0,0.6387886508781939,0.25331614701509514,2.296941968263127,3.5957776724826545
2023,OuterBarrel,conv,0.08,2.0,0.5938119936138114,0.2589951400106505,2.1352159082889557,3.5957776724826545
2023,OuterBarrel,conv,0.08,3.0,0.6490501399324645,0.2516895852149863,2.3338400014908984,3.5957776724826545
2023,OuterBarrel,conv,0.08,4.0,0.6876982111813283,0.2443935655662252,2.472809873172082,3.5957776724826545
2023,OuterBarrel,conv,0.08,5.0,0.6876982111813283,0.2443935655662252,2.472809873172082,3.5957776724826545
2023,OuterBarrel,conv,0.08,6.0,0.6933700454275369,0.24316071483065615,2.493204528116621,3.5957776724826545
2023,OuterBarrel,conv,0.09,2.0,0.6108087586723584,0.25712111414704736,2.1963324965909123,3.5957776724826545
2023,OuterBarrel,conv,0.09,3.0,0.6665613448312381,0.24861745668863797,2.396806401084177,3.5957776724826545
2023,OuterBarrel,conv,0.09,4.0,0.7052094160801019,0.24044704226892122,2.5357762727653608,3.5957776724826545
2023,OuterBarrel,conv,0.09,5.0,0.7052094160801019,0.24044704226892122,2.5357762727653608,3.5957776724826545
2023,OuterBarrel,conv,0.09,6.0,0.7108812503263104,0.23907834605030068,2.5561709277099,3.5957776724826545
2023,OuterBarrel,conv,0.1,2.0,0.6218654740144477,0.25572605176585655,2.2360899867489934,3.5957776724826545
2023,OuterBarrel,conv,0.1,3.0,0.6776180601733274,0.24647985092300714,2.4365638912422583,3.5957776724826545
2023,OuterBarrel,conv,0.1,4.0,0.7212193074544546,0.23646594438735427,2.5933442827081308,3.5957776724826545
2023,OuterBarrel,conv,0.1,5.0,0.7212193074544546,0.23646594438735427,2.5933442827081308,3.5957776724826545
2023,OuterBarrel,conv,0.1,6.0,0.7268911417006632,0.23496661796777984,2.61373893765267,3.5957776724826545
2023,OuterBarrel,conv,0.11,2.0,0.6218654740144477,0.25572605176585655,2.2360899867489934,3.5957776724826545
2023,OuterBarrel,conv,0.11,3.0,0.6776180601733274,0.24647985092300714,2.4365638912422583,3.5957776724826545
2023,OuterBarrel,conv,0.11,4.0,0.7212193074544546,0.23646594438735427,2.5933442827081308,3.5957776724826545
2023,OuterBarrel,conv,0.11,5.0,0.7212193074544546,0.23646594438735427,2.5933442827081308,3.5957776724826545
2023,OuterBarrel,conv,0.11,6.0,0.7268911417006632,0.23496661796777984,2.61373893765267,3.5957776724826545
2023,OuterBarrel,conv,0.12,2.0,0.6310610711281425,0.25445824100977493,2.269155309535563,3.5957776724826545
2023,OuterBarrel,conv,0.12,3.0,0.6868136572870222,0.24458197815398247,2.469629214028828,3.5957776724826545
2023,OuterBarrel,conv,0.12,4.0,0.7304149045681494,0.23401103447604352,2.6264096054947004,3.5957776724826545
2023,OuterBarrel,conv,0.12,5.0,0.7304149045681494,0.23401103447604352,2.6264096054947004,3.5957776724826545
2023,OuterBarrel,conv,0.12,6.0,0.7360867388143579,0.23243348174249168,2.6468042604392394,3.5957776724826545
2023,OuterBarrel,fromTau,0.05,2.0,0.406454405850623,0.01252413408895791,625.1472703953041,1538.050175854296
2023,OuterBarrel,fromTau,0.05,3.0,0.4869690723109245,0.012744922870564314,748.9828673034208,1538.050175854296
2023,OuterBarrel,fromTau,0.05,4.0,0.5722344656158257,0.012615505260537556,880.1253204703098,1538.050175854296
2023,OuterBarrel,fromTau,0.05,5.0,0.6353506379822295,0.012273239591492718,977.2011604777072,1538.050175854296
2023,OuterBarrel,fromTau,0.05,6.0,0.679279811069157,0.01190151508016657,1044.7664328691899,1538.050175854296
2023,OuterBarrel,fromTau,0.08,2.0,0.4318818780433498,0.01263038416207405,664.2559984728578,1538.050175854296
2023,OuterBarrel,fromTau,0.08,3.0,0.5176076015248632,0.012741345687900215,796.1064625488361,1538.050175854296
2023,OuterBarrel,fromTau,0.08,4.0,0.6083870414671387,0.01244609904710485,935.7297961160075,1538.050175854296
2023,OuterBarrel,fromTau,0.08,5.0,0.6760751063659797,0.011932580781448975,1039.8374362369068,1538.050175854296
2023,OuterBarrel,fromTau,0.08,6.0,0.7228153892417694,0.011413346457715672,1111.7263365334948,1538.050175854296
2023,OuterBarrel,fromTau,0.09,2.0,0.43799395895551163,0.012650838172458373,673.6566855946439,1538.050175854296
2023,OuterBarrel,fromTau,0.09,3.0,0.5248912102410559,0.012733445411977929,807.3090182156302,1538.050175854296
2023,OuterBarrel,fromTau,0.09,4.0,0.6170620396159429,0.012394909872624787,949.0723785443115,1538.050175854296
2023,OuterBarrel,fromTau,0.09,5.0,0.6857080298303885,0.011837255138889889,1054.6533558653318,1538.050175854296
2023,OuterBarrel,fromTau,0.09,6.0,0.7331679339024693,0.011278088254959727,1127.6490696694236,1538.050175854296
2023,OuterBarrel,fromTau,0.1,2.0,0.44275251118276643,0.012665412086351531,680.975577684585,1538.050175854296
2023,OuterBarrel,fromTau,0.1,3.0,0.5305997709436212,0.012725355559950668,816.0890710080857,1538.050175854296
2023,OuterBarrel,fromTau,0.1,4.0,0.6236233446678596,0.012353421775409112,959.1639949332457,1538.050175854296
2023,OuterBarrel,fromTau,0.1,5.0,0.6930272068314733,0.011760880394835697,1065.9106173389591,1538.050175854296
2023,OuterBarrel,fromTau,0.1,6.0,0.7411452107347126,0.011168491132528232,1139.918521704094,1538.050175854296
2023,OuterBarrel,fromTau,0.11,2.0,0.4466634566878876,0.012676508028007908,686.9908081064932,1538.050175854296
2023,OuterBarrel,fromTau,0.11,3.0,0.5354295592260017,0.012717206009600477,823.5175277251401,1538.050175854296
2023,OuterBarrel,fromTau,0.11,4.0,0.6294433358778018,0.012314602052216163,968.1154334371677,1538.050175854296
2023,OuterBarrel,fromTau,0.11,5.0,0.6994850475594284,0.011690605584924647,1075.8431004062295,1538.050175854296
2023,OuterBarrel,fromTau,0.11,6.0,0.7479912638725233,0.011070591074116792,1150.4480949366116,1538.050175854296
2023,OuterBarrel,fromTau,0.12,2.0,0.449984851594496,0.012685308120797913,692.0992801266839,1538.050175854296
2023,OuterBarrel,fromTau,0.12,3.0,0.5396640607106794,0.012709074859354023,830.0304034783039,1538.050175854296
2023,OuterBarrel,fromTau,0.12,4.0,0.6344626624826473,0.0122795840182798,975.8354096044204,1538.050175854296
2023,OuterBarrel,fromTau,0.12,5.0,0.7049789674320477,0.011628650491753425,1084.293024832441,1538.050175854296
2023,OuterBarrel,fromTau,0.12,6.0,0.7536969287108153,0.01098621349950698,1159.2236937445123,1538.050175854296
2023,OuterBarrel,fromL,0.05,2.0,0.11766739152298668,0.06548673085660021,2.848642572585959,24.209277827234473
2023,OuterBarrel,fromL,0.05,3.0,0.13579868167887507,0.06962485792216509,3.2875880133360624,24.209277827234473
2023,OuterBarrel,fromL,0.05,4.0,0.14702682176907206,0.07197390311384656,3.559413176262751,24.209277827234473
2023,OuterBarrel,fromL,0.05,5.0,0.15591007210904634,0.07372937085581407,3.7744702517520636,24.209277827234473
2023,OuterBarrel,fromL,0.05,6.0,0.15822379937068057,0.07417256684470747,3.830483917845413,24.209277827234473
2023,OuterBarrel,fromL,0.08,2.0,0.13862581736804375,0.07023071148086388,3.356030926690437,24.209277827234473
2023,OuterBarrel,fromL,0.08,3.0,0.16507559281673198,0.07545257991707108,3.996360888995696,24.209277827234473
2023,OuterBarrel,fromL,0.08,4.0,0.18024884819084971,0.0781243378849478,4.363694443891291,24.209277827234473
2023,OuterBarrel,fromL,0.08,5.0,0.189132098530824,0.07959151252923265,4.578751519380603,24.209277827234473
2023,OuterBarrel,fromL,0.08,6.0,0.19271212951457925,0.0801637124698629,4.665421484096441,24.209277827234473
2023,OuterBarrel,fromL,0.09,2.0,0.15064133869745586,0.07269871356892828,3.646918020793237,24.209277827234473
2023,OuterBarrel,fromL,0.09,3.0,0.17709111414614412,0.07758599674214584,4.287247983098496,24.209277827234473
2023,OuterBarrel,fromL,0.09,4.0,0.19358693457477696,0.08030191125620437,4.6865998828434385,24.209277827234473
2023,OuterBarrel,fromL,0.09,5.0,0.203668622009666,0.08184988237204222,4.930670254922006,24.209277827234473
2023,OuterBarrel,fromL,0.09,6.0,0.20724865299342127,0.0823803125561685,5.017340219637845,24.209277827234473
2023,OuterBarrel,fromL,0.1,2.0,0.1551218372906919,0.0735770879696983,3.755387656041421,24.209277827234473
2023,OuterBarrel,fromL,0.1,3.0,0.18278307165875687,0.07854991973464477,4.425046163902152,24.209277827234473
2023,OuterBarrel,fromL,0.1,4.0,0.2002855192498436,0.08133946997860912,4.848767780291382,24.209277827234473
2023,OuterBarrel,fromL,0.1,5.0,0.21173301871029307,0.0830309573004321,5.12590347515652,24.209277827234473
2023,OuterBarrel,fromL,0.1,6.0,0.21583724248837557,0.08361330320467536,5.225263768865261,24.209277827234473
2023,OuterBarrel,fromL,0.11,2.0,0.16521427143538986,0.07547799767916386,3.9997181982034817,24.209277827234473
2023,OuterBarrel,fromL,0.11,3.0,0.19343651517358507,0.0802781934702784,4.682958337769378,24.209277827234473
2023,OuterBarrel,fromL,0.11,4.0,0.21245385886159937,0.08313413810058086,5.14335449464852,24.209277827234473
2023,OuterBarrel,fromL,0.11,5.0,0.22390135832204883,0.08472194325905955,5.420490189513657,24.209277827234473
2023,OuterBarrel,fromL,0.11,6.0,0.22800558210013133,0.0852685548716186,5.519850483222399,24.209277827234473
2023,OuterBarrel,fromL,0.12,2.0,0.17051900428402503,0.07643613115234811,4.1281419495353475,24.209277827234473
2023,OuterBarrel,fromL,0.12,3.0,0.20148148821822698,0.08152093500117573,4.877721325319726,24.209277827234473
2023,OuterBarrel,fromL,0.12,4.0,0.22194192931554854,0.08445682818018183,5.37305382831255,24.209277827234473
2023,OuterBarrel,fromL,0.12,5.0,0.23364243900602646,0.08600043969459362,5.656314718129579,24.209277827234473
2023,OuterBarrel,fromL,0.12,6.0,0.23793215149820945,0.0865431040925925,5.760165559651796,24.209277827234473
2023,OuterBarrel,fromC,0.05,2.0,0.02531916681955048,0.010211891514307164,5.9916834576870315,236.64615429053083
2023,OuterBarrel,fromC,0.05,3.0,0.03153066267839708,0.011359514262023607,7.4616100650746375,236.64615429053083
2023,OuterBarrel,fromC,0.05,4.0,0.03626724998811114,0.012153067111335413,8.582505236379802,236.64615429053083
2023,OuterBarrel,fromC,0.05,5.0,0.040119141919992225,0.012756594709597297,9.494040648802184,236.64615429053083
2023,OuterBarrel,fromC,0.05,6.0,0.04196758406110083,0.013034589575648228,9.93146737292409,236.64615429053083
2023,OuterBarrel,fromC,0.08,2.0,0.03158777399089042,0.011369462072577014,7.47512523754267,236.64615429053083
2023,OuterBarrel,fromC,0.08,3.0,0.0400922286023082,0.012752493982393306,9.48767171567306,236.64615429053083
2023,OuterBarrel,fromC,0.08,4.0,0.04731687759166338,0.013801698919525552,11.197357115102932,236.64615429053083
2023,OuterBarrel,fromC,0.08,5.0,0.05307167272046035,0.014572706452650108,12.559207251062617,236.64615429053083
2023,OuterBarrel,fromC,0.08,6.0,0.056242143496536175,0.014976540196965784,13.309486967511475,236.64615429053083
2023,OuterBarrel,fromC,0.09,2.0,0.03455565105065557,0.01187335455673907,8.177461930143181,236.64615429053083
2023,OuterBarrel,fromC,0.09,3.0,0.04380094680621185,0.013303508096116167,10.365325615974143,236.64615429053083
2023,OuterBarrel,fromC,0.09,4.0,0.051382543681934324,0.014351709352898092,12.15948135999497,236.64615429053083
2023,OuterBarrel,fromC,0.09,5.0,0.05751151106340933,0.015134416825978145,13.609877920593135,236.64615429053083
2023,OuterBarrel,fromC,0.09,6.0,0.06137382943163363,0.015602285294019837,14.523880709079094,236.64615429053083
2023,OuterBarrel,fromC,0.1,2.0,0.03718259322264466,0.012299630897076376,8.799117692688014,236.64615429053083
2023,OuterBarrel,fromC,0.1,3.0,0.04699928975769705,0.01375759543252265,11.122201175545342,236.64615429053083
2023,OuterBarrel,fromC,0.1,4.0,0.055304133669389556,0.0148585037667857,13.087510549230501,236.64615429053083
2023,OuterBarrel,fromC,0.1,5.0,0.06221956833542789,0.015702339188876563,14.724021568195894,236.64615429053083
2023,OuterBarrel,fromC,0.1,6.0,0.06627594299200716,0.01617102343306596,15.68394703103695,236.64615429053083
2023,OuterBarrel,fromC,0.11,2.0,0.04061942786364156,0.01283254025117476,9.612431393412407,236.64615429053083
2023,OuterBarrel,fromC,0.11,3.0,0.05112317329444793,0.01431739795119795,12.09810235525947,236.64615429053083
2023,OuterBarrel,fromC,0.11,4.0,0.06057962091348461,0.0155075624466239,14.335934317554347,236.64615429053083
2023,OuterBarrel,fromC,0.11,5.0,0.06834494699948589,0.016403293354116708,16.17356887261849,236.64615429053083
2023,OuterBarrel,fromC,0.11,6.0,0.07288217110292734,0.016897730975891003,17.24728550785221,236.64615429053083
2023,OuterBarrel,fromC,0.12,2.0,0.04257097943612384,0.01312382374446606,10.074258567939978,236.64615429053083
2023,OuterBarrel,fromC,0.12,3.0,0.0534500719294202,0.014621643295735804,12.648753968649544,236.64615429053083
2023,OuterBarrel,fromC,0.12,4.0,0.06348471853832537,0.015850475959931856,15.023414498311467,236.64615429053083
2023,OuterBarrel,fromC,0.12,5.0,0.07154234018475863,0.01675378343009226,16.930219673668034,236.64615429053083
2023,OuterBarrel,fromC,0.12,6.0,0.07684815646497437,0.01731424552820297,18.18582069175318,236.64615429053083
2023,OuterBarrel,fromB,0.05,2.0,0.024566977073170966,0.0026888252951987024,81.42836697492748,3314.5456493242527
2023,OuterBarrel,fromB,0.05,3.0,0.03263416093843621,0.003086168233009038,108.16741615784122,3314.5456493242527
2023,OuterBarrel,fromB,0.05,4.0,0.041204348101659204,0.0034524114583926804,136.57369273359654,3314.5456493242527
2023,OuterBarrel,fromB,0.05,5.0,0.04586253129366389,0.003633477570316203,152.01345356641104,3314.5456493242527
2023,OuterBarrel,fromB,0.05,6.0,0.05000760419069429,0.003785873394597589,165.75248690339504,3314.5456493242527
2023,OuterBarrel,fromB,0.08,2.0,0.03313718267176806,0.003109053662284867,109.83470465557184,3314.5456493242527
2023,OuterBarrel,fromB,0.08,3.0,0.043969843780695246,0.003561240098283107,145.7400544047705,3314.5456493242527
2023,OuterBarrel,fromB,0.08,4.0,0.05531271555051957,0.003970493805262918,183.3365206802846,3314.5456493242527
2023,OuterBarrel,fromB,0.08,5.0,0.06206089741508554,0.004190678503025057,205.70367752033053,3314.5456493242527
2023,OuterBarrel,fromB,0.08,6.0,0.06782506982030774,0.004367489120813224,224.80929008801468,3314.5456493242527
2023,OuterBarrel,fromB,0.09,2.0,0.035868574558085876,0.003230079235680638,118.88802774896612,3314.5456493242527
2023,OuterBarrel,fromB,0.09,3.0,0.04770549275087141,0.003702182557668789,158.1220334462705,3314.5456493242527
2023,OuterBarrel,fromB,0.09,4.0,0.06007162355864087,0.00412733825787227,199.11013851413736,3314.5456493242527
2023,OuterBarrel,fromB,0.09,5.0,0.06763194465057659,0.004361718445428173,224.1691678969073,3314.5456493242527
2023,OuterBarrel,fromB,0.09,6.0,0.0740132087070938,0.004547209984659386,245.32015891262563,3314.5456493242527
2023,OuterBarrel,fromB,0.1,2.0,0.038877742326124384,0.0033575913206002886,128.86205168260494,3314.5456493242527
2023,OuterBarrel,fromB,0.1,3.0,0.05153598209905455,0.003840198784098871,170.81836525007384,3314.5456493242527
2023,OuterBarrel,fromB,0.1,4.0,0.06487663184871874,0.0042782543443271774,215.03655783698196,3314.5456493242527
2023,OuterBarrel,fromB,0.1,5.0,0.07315232334396343,0.00452278811733877,242.46671507769497,3314.5456493242527
2023,OuterBarrel,fromB,0.1,6.0,0.08020281467529766,0.004717683925334667,265.8358904455672,3314.5456493242527
2023,OuterBarrel,fromB,0.11,2.0,0.04181128165877978,0.003476644337752841,138.58540171477944,3314.5456493242527
2023,OuterBarrel,fromB,0.11,3.0,0.05546501288277715,0.003975635697661145,183.84131714032264,3314.5456493242527
2023,OuterBarrel,fromB,0.11,4.0,0.06983018657900224,0.004426808340755693,231.4553411169327,3314.5456493242527
2023,OuterBarrel,fromB,0.11,5.0,0.07881384695030208,0.004680184364028574,261.2320935156313,3314.5456493242527
2023,OuterBarrel,fromB,0.11,6.0,0.08642712107749527,0.004880728166186089,286.4666381510324,3314.5456493242527
2023,OuterBarrel,fromB,0.12,2.0,0.04492013763268472,0.003597728453105719,148.88984675746178,3314.5456493242527
2023,OuterBarrel,fromB,0.12,3.0,0.05957110961368973,0.004111202073085901,197.45116219547344,3314.5456493242527
2023,OuterBarrel,fromB,0.12,4.0,0.07510272160201015,0.0045778608344084525,248.9313991383533,3314.5456493242527
2023,OuterBarrel,fromB,0.12,5.0,0.08484400630460509,0.004840008737336979,281.21933196816826,3314.5456493242527
2023,OuterBarrel,fromB,0.12,6.0,0.09304755559253745,0.005045831454492292,308.41037056950154,3314.5456493242527
2023,OuterBarrel,fromPU,0.05,2.0,0.0069527530334128305,0.0032960480305303753,4.418719717476051,635.5352615346783
2023,OuterBarrel,fromPU,0.05,3.0,0.010325698688950577,0.004009923106184083,6.5623456168104894,635.5352615346783
2023,OuterBarrel,fromPU,0.05,4.0,0.019738688562719108,0.005517727554790006,12.544632598059252,635.5352615346783
2023,OuterBarrel,fromPU,0.05,5.0,0.04500580534796384,0.008223653603961992,28.602776272397023,635.5352615346783
2023,OuterBarrel,fromPU,0.05,6.0,0.06682439875771506,0.009905568184855301,42.46926174138207,635.5352615346783
2023,OuterBarrel,fromPU,0.08,2.0,0.007941422598587352,0.0035208537537557852,5.047054088150617,635.5352615346783
2023,OuterBarrel,fromPU,0.08,3.0,0.011689784988180166,0.004263635581479008,7.429270559747238,635.5352615346783
2023,OuterBarrel,fromPU,0.08,4.0,0.022636292504584727,0.005900121118096101,14.386162077076733,635.5352615346783
2023,OuterBarrel,fromPU,0.08,5.0,0.05306978264962784,0.008892273593537076,33.72771819581976,635.5352615346783
2023,OuterBarrel,fromPU,0.08,6.0,0.07950935716444513,0.01073121718135324,50.53100009995978,635.5352615346783
2023,OuterBarrel,fromPU,0.09,2.0,0.008108652316101863,0.003557431650671278,5.153334470407572,635.5352615346783
2023,OuterBarrel,fromPU,0.09,3.0,0.011933106203081037,0.004307250212750783,7.583909771696199,635.5352615346783
2023,OuterBarrel,fromPU,0.09,4.0,0.02338823773650006,0.0059950098272198975,14.864049786701798,635.5352615346783
2023,OuterBarrel,fromPU,0.09,5.0,0.05534099985982167,0.009069664208081696,35.17115681950236,635.5352615346783
2023,OuterBarrel,fromPU,0.09,6.0,0.0831746791505791,0.010953906785045611,52.86044146702625,635.5352615346783
2023,OuterBarrel,fromPU,0.1,2.0,0.008272707368846381,0.0035929414327492445,5.257597241259646,635.5352615346783
2023,OuterBarrel,fromPU,0.1,3.0,0.012097161255825557,0.004336396905319529,7.688172542548273,635.5352615346783
2023,OuterBarrel,fromPU,0.1,4.0,0.024130930318127086,0.0060871357002545085,15.336057110805996,635.5352615346783
2023,OuterBarrel,fromPU,0.1,5.0,0.05791246976668411,0.009265350333265981,36.805416619288735,635.5352615346783
2023,OuterBarrel,fromPU,0.1,6.0,0.0869290368707267,0.011175446249493957,55.24646818259498,635.5352615346783
2023,OuterBarrel,fromPU,0.11,2.0,0.008556777293111785,0.0036535849763279717,5.438133694871794,635.5352615346783
2023,OuterBarrel,fromPU,0.11,3.0,0.012478167624008637,0.004403306687346511,7.930315524397884,635.5352615346783
2023,OuterBarrel,fromPU,0.11,4.0,0.0249831125180508,0.006190981625850246,15.877648948109709,635.5352615346783
2023,OuterBarrel,fromPU,0.11,5.0,0.060466444696663374,0.009454608253455645,38.42855774436612,635.5352615346783
2023,OuterBarrel,fromPU,0.11,6.0,0.09062367094206143,0.011387354007024961,57.59453841339564,635.5352615346783
2023,OuterBarrel,fromPU,0.12,2.0,0.00873293664253167,0.0036906738439991494,5.55008917307714,635.5352615346783
2023,OuterBarrel,fromPU,0.12,3.0,0.01270112415174974,0.004441969539349584,8.07201225956669,635.5352615346783
2023,OuterBarrel,fromPU,0.12,4.0,0.025629529443204988,0.006268484370494022,16.28846969769802,635.5352615346783
2023,OuterBarrel,fromPU,0.12,5.0,0.06236838654555647,0.009592428033241328,39.63730885472614,635.5352615346783
2023,OuterBarrel,fromPU,0.12,6.0,0.0938980204781799,0.011570361608196668,59.675503002188634,635.5352615346783
2023,OuterBarrel,unknown,0.05,2.0,0.31794323111972506,0.323970900878587,0.6569127378752455,2.066132169449702
2023,OuterBarrel,unknown,0.05,3.0,0.3625612493992609,0.33444974806451966,0.7490994607796893,2.066132169449702
2023,OuterBarrel,unknown,0.05,4.0,0.40368324237547853,0.34133421042502177,0.8340629333397374,2.066132169449702
2023,OuterBarrel,unknown,0.05,5.0,0.41809922063567667,0.3431508654850831,0.8638482497772202,2.066132169449702
2023,OuterBarrel,unknown,0.05,6.0,0.45514395759181475,0.34644653867497327,0.9403875725110993,2.066132169449702
2023,OuterBarrel,unknown,0.08,2.0,0.3608691120767476,0.3341109498097868,0.7456032814225182,2.066132169449702
2023,OuterBarrel,unknown,0.08,3.0,0.4054871303562834,0.34157817809363905,0.8377900043269619,2.066132169449702
2023,OuterBarrel,unknown,0.08,4.0,0.44660912333250113,0.34586032317651205,0.92275347688701,2.066132169449702
2023,OuterBarrel,unknown,0.08,5.0,0.4754337072790341,0.34742904691289356,0.9823088770499453,2.066132169449702
2023,OuterBarrel,unknown,0.08,6.0,0.5124784442351722,0.3477408112898851,1.0588481997838244,2.066132169449702
2023,OuterBarrel,unknown,0.09,2.0,0.3608691120767476,0.3341109498097868,0.7456032814225182,2.066132169449702
2023,OuterBarrel,unknown,0.09,3.0,0.41052822960622604,0.34223464294280714,0.8482055816566572,2.066132169449702
2023,OuterBarrel,unknown,0.09,4.0,0.45165022258244375,0.3462190020508257,0.9331690542167053,2.066132169449702
2023,OuterBarrel,unknown,0.09,5.0,0.48047480652897673,0.3475838319707415,0.9927244543796405,2.066132169449702
2023,OuterBarrel,unknown,0.09,6.0,0.5175195434851149,0.34763555711192573,1.0692637771135196,2.066132169449702
2023,OuterBarrel,unknown,0.1,2.0,0.3738364489893322,0.33659345225351295,0.7723955133697018,2.066132169449702
2023,OuterBarrel,unknown,0.1,3.0,0.42349556651881065,0.3437531685610825,0.8749978136038408,2.066132169449702
2023,OuterBarrel,unknown,0.1,4.0,0.46461755949502836,0.3469771067242651,0.9599612861638889,2.066132169449702
2023,OuterBarrel,unknown,0.1,5.0,0.49344214344156134,0.34781923631151734,1.0195166863268241,2.066132169449702
2023,OuterBarrel,unknown,0.1,6.0,0.5304868803976994,0.3472019376114941,1.0960560090607032,2.066132169449702
2023,OuterBarrel,unknown,0.11,2.0,0.3738364489893322,0.33659345225351295,0.7723955133697018,2.066132169449702
2023,OuterBarrel,unknown,0.11,3.0,0.42349556651881065,0.3437531685610825,0.8749978136038408,2.066132169449702
2023,OuterBarrel,unknown,0.11,4.0,0.46461755949502836,0.3469771067242651,0.9599612861638889,2.066132169449702
2023,OuterBarrel,unknown,0.11,5.0,0.49344214344156134,0.34781923631151734,1.0195166863268241,2.066132169449702
2023,OuterBarrel,unknown,0.11,6.0,0.5304868803976994,0.3472019376114941,1.0960560090607032,2.066132169449702
2023,OuterBarrel,unknown,0.12,2.0,0.3738364489893322,0.33659345225351295,0.7723955133697018,2.066132169449702
2023,OuterBarrel,unknown,0.12,3.0,0.42349556651881065,0.3437531685610825,0.8749978136038408,2.066132169449702
2023,OuterBarrel,unknown,0.12,4.0,0.46461755949502836,0.3469771067242651,0.9599612861638889,2.066132169449702
2023,OuterBarrel,unknown,0.12,5.0,0.49344214344156134,0.34781923631151734,1.0195166863268241,2.066132169449702
2023,OuterBarrel,unknown,0.12,6.0,0.5304868803976994,0.3472019376114941,1.0960560090607032,2.066132169449702
2023,Endcap,prompt,0.05,2.0,0.7770386438195298,0.004715423626837113,6054.431952647399,7791.674198965018
2023,Endcap,prompt,0.05,3.0,0.8227241540162165,0.004326498075127362,6410.398563713476,7791.674198965018
2023,Endcap,prompt,0.05,4.0,0.8517852316358021,0.004025273558446867,6636.8330123961205,7791.674198965018
2023,Endcap,prompt,0.05,5.0,0.8643221181854837,0.0038795106505771495,6734.516347860626,7791.674198965018
2023,Endcap,prompt,0.05,6.0,0.8710226969108649,0.0037971345758493627,6786.725074233313,7791.674198965018
2023,Endcap,prompt,0.08,2.0,0.8118533050021278,0.004427633718116219,6325.696449929557,7791.674198965018
2023,Endcap,prompt,0.08,3.0,0.8597963089931885,0.003933345712255959,6699.252717147581,7791.674198965018
2023,Endcap,prompt,0.08,4.0,0.8900010801120606,0.0035446559225318836,6934.598452960141,7791.674198965018
2023,Endcap,prompt,0.08,5.0,0.9030718401964639,0.0033517432358888513,7036.441557070648,7791.674198965018
2023,Endcap,prompt,0.08,6.0,0.910152515445554,0.0032396243597051905,7091.6118717202335,7791.674198965018
2023,Endcap,prompt,0.09,2.0,0.8195921275808531,0.004356234389910669,6385.994834146579,7791.674198965018
2023,Endcap,prompt,0.09,3.0,0.8680425999094228,0.0038341756283630096,6763.5051293167635,7791.674198965018
2023,Endcap,prompt,0.09,4.0,0.8985218995176505,0.0034208584617265274,7000.989901676716,7791.674198965018
2023,Endcap,prompt,0.09,5.0,0.911734904698021,0.0032137596645914813,7103.9413332314,7791.674198965018
2023,Endcap,prompt,0.09,6.0,0.9188610622288864,0.0030933153072984477,7159.466031002405,7791.674198965018
2023,Endcap,prompt,0.1,2.0,0.8255424688262814,0.00429931413651213,6432.357954503619,7791.674198965018
2023,Endcap,prompt,0.1,3.0,0.8743788287299227,0.003754618741337959,6812.874959936191,7791.674198965018
2023,Endcap,prompt,0.1,4.0,0.9050884629370487,0.003320394039207472,7052.154424447508,7791.674198965018
2023,Endcap,prompt,0.1,5.0,0.9184291303084373,0.0031008087367255873,7156.100558202132,7791.674198965018
2023,Endcap,prompt,0.1,6.0,0.925614079220357,0.0029726580556069747,7212.083339260018,7791.674198965018
2023,Endcap,prompt,0.11,2.0,0.8308504634479038,0.004246992039948018,6473.71611924516,7791.674198965018
2023,Endcap,prompt,0.11,3.0,0.8800610563966383,0.0036806211642256394,6857.149026639585,7791.674198965018
2023,Endcap,prompt,0.11,4.0,0.9109569515912044,0.003226513931924164,7097.879776081012,7791.674198965018
2023,Endcap,prompt,0.11,5.0,0.924386850512189,0.00299509188974502,7202.521172998357,7791.674198965018
2023,Endcap,prompt,0.11,6.0,0.9316454117071645,0.002858865793345711,7259.077516982856,7791.674198965018
2023,Endcap,prompt,0.12,2.0,0.835275100054303,0.004202222090151407,6508.191446131037,7791.674198965018
2023,Endcap,prompt,0.12,3.0,0.8847704845800687,0.0036172771803602358,6893.8433567082975,7791.674198965018
2023,Endcap,prompt,0.12,4.0,0.9158009583025722,0.003145855200940099,7135.622698193591,7791.674198965018
2023,Endcap,prompt,0.12,5.0,0.929307620679272,0.002903692725128669,7240.862210948253,7791.674198965018
2023,Endcap,prompt,0.12,6.0,0.936610883317571,0.0027603970691848167,7297.766854015354,7791.674198965018
2023,Endcap,conv,0.05,2.0,0.5621662721772245,0.3732871934290716,0.9930076736491174,1.7663949667476118
2023,Endcap,conv,0.05,3.0,0.6138960138797006,0.366315790682767,1.0843828290235251,1.7663949667476118
2023,Endcap,conv,0.05,4.0,0.6679412505409628,0.35435020422477054,1.179848063038662,1.7663949667476118
2023,Endcap,conv,0.05,5.0,0.6780865744816186,0.35153470621363575,1.1977687121834606,1.7663949667476118
2023,Endcap,conv,0.05,6.0,0.695399848525783,0.3462887989393588,1.2283507923129946,1.7663949667476118
2023,Endcap,conv,0.08,2.0,0.6673041250154571,0.3545207860583628,1.1787226477172226,1.7663949667476118
2023,Endcap,conv,0.08,3.0,0.7393970953830992,0.33028175740942567,1.3060673077125102,1.7663949667476118
2023,Endcap,conv,0.08,4.0,0.7940971468308831,0.3042454491453308,1.402689203270711,1.7663949667476118
2023,Endcap,conv,0.08,5.0,0.8042424707715389,0.2985443318216214,1.4206098524155095,1.7663949667476118
2023,Endcap,conv,0.08,6.0,0.8215557448157033,0.28808848159621236,1.4511919325450435,1.7663949667476118
2023,Endcap,conv,0.09,2.0,0.6950137015464075,0.34641200838736536,1.227668704232201,1.7663949667476118
2023,Endcap,conv,0.09,3.0,0.7671066719140496,0.3180259028946996,1.3550133642274886,1.7663949667476118
2023,Endcap,conv,0.09,4.0,0.8218067233618334,0.28792978476802195,1.4516352597856894,1.7663949667476118
2023,Endcap,conv,0.09,5.0,0.8319520473024892,0.2813337603404717,1.469555908930488,1.7663949667476118
2023,Endcap,conv,0.09,6.0,0.8492653213466536,0.26920577723064526,1.500137989060022,1.7663949667476118
2023,Endcap,conv,0.1,2.0,0.7133156840348375,0.34025063496156815,1.2599972339812666,1.7663949667476118
2023,Endcap,conv,0.1,3.0,0.7995810106515665,0.3012012433902765,1.4123758727218956,1.7663949667476118
2023,Endcap,conv,0.1,4.0,0.8542810620993503,0.2654694064234854,1.5089977682800964,1.7663949667476118
2023,Endcap,conv,0.1,5.0,0.8644263860400061,0.25757735828649203,1.5269184174248949,1.7663949667476118
2023,Endcap,conv,0.1,6.0,0.8817396600841705,0.24296618803071485,1.5575004975544289,1.7663949667476118
2023,Endcap,conv,0.11,2.0,0.7564471321757313,0.3229549942483565,1.3361844068858773,1.7663949667476118
2023,Endcap,conv,0.11,3.0,0.8427124587924604,0.2739321207334395,1.4885630456265062,1.7663949667476118
2023,Endcap,conv,0.11,4.0,0.8974125102402443,0.22829655182774103,1.585184941184707,1.7663949667476118
2023,Endcap,conv,0.11,5.0,0.9075578341809001,0.21793566184612595,1.6031055903295055,1.7663949667476118
2023,Endcap,conv,0.11,6.0,0.9248711082250645,0.1983353781049398,1.6336876704590395,1.7663949667476118
2023,Endcap,conv,0.12,2.0,0.7564471321757313,0.3229549942483565,1.3361844068858773,1.7663949667476118
2023,Endcap,conv,0.12,3.0,0.8427124587924604,0.2739321207334395,1.4885630456265062,1.7663949667476118
2023,Endcap,conv,0.12,4.0,0.8974125102402443,0.22829655182774103,1.585184941184707,1.7663949667476118
2023,Endcap,conv,0.12,5.0,0.9075578341809001,0.21793566184612595,1.6031055903295055,1.7663949667476118
2023,Endcap,conv,0.12,6.0,0.9248711082250645,0.1983353781049398,1.6336876704590395,1.7663949667476118
2023,Endcap,fromTau,0.05,2.0,0.3976238721051997,0.017030823145477474,328.35329194250517,825.7886786425952
2023,Endcap,fromTau,0.05,3.0,0.47955693410239747,0.01738490166678751,396.0126869463129,825.7886786425952
2023,Endcap,fromTau,0.05,4.0,0.5669035449999517,0.017242984531294216,468.1425293433131,825.7886786425952
2023,Endcap,fromTau,0.05,5.0,0.6308433703816272,0.016793129828545854,520.9433132578852,825.7886786425952
2023,Endcap,fromTau,0.05,6.0,0.6786091070394983,0.01625145174738703,560.3877178169787,825.7886786425952
2023,Endcap,fromTau,0.08,2.0,0.4217202982887883,0.017184890310595308,348.2518478806596,825.7886786425952
2023,Endcap,fromTau,0.08,3.0,0.5084169204096397,0.017396985382776786,419.84493690461386,825.7886786425952
2023,Endcap,fromTau,0.08,4.0,0.6011819287998373,0.017039463276428173,496.4492306074244,825.7886786425952
2023,Endcap,fromTau,0.08,5.0,0.6696985346961085,0.016366675140694762,553.0294680555817,825.7886786425952
2023,Endcap,fromTau,0.08,6.0,0.7207713833999593,0.015611486861749827,595.2048483012477,825.7886786425952
2023,Endcap,fromTau,0.09,2.0,0.426977195205116,0.01721289148341026,352.5929338389542,825.7886786425952
2023,Endcap,fromTau,0.09,3.0,0.5148382685046644,0.0173917873615061,425.1476134631084,825.7886786425952
2023,Endcap,fromTau,0.09,4.0,0.6088099454877318,0.01698244862359454,502.7483604287845,825.7886786425952
2023,Endcap,fromTau,0.09,5.0,0.678273082190649,0.01625591905130393,560.1102323010564,825.7886786425952
2023,Endcap,fromTau,0.09,6.0,0.7302505848043427,0.01544478085048727,603.0326655035606,825.7886786425952
2023,Endcap,fromTau,0.1,2.0,0.4323179124349544,0.017239304800513704,357.00323766318616,825.7886786425952
2023,Endcap,fromTau,0.1,3.0,0.5213233548516399,0.01738362111440677,430.5029243484605,825.7886786425952
2023,Endcap,fromTau,0.1,4.0,0.6161182480697548,0.0169237385620707,508.7834739611135,825.7886786425952
2023,Endcap,fromTau,0.1,5.0,0.6863340853956034,0.016146075738265132,566.7669174862094,825.7886786425952
2023,Endcap,fromTau,0.1,6.0,0.738919638863429,0.015284500299342935,610.1914722000947,825.7886786425952
2023,Endcap,fromTau,0.11,2.0,0.43609242392998054,0.01725674069742589,360.1201865231851,825.7886786425952
2023,Endcap,fromTau,0.11,3.0,0.5256709016069187,0.017376503428889415,434.093079238839,825.7886786425952
2023,Endcap,fromTau,0.11,4.0,0.6211667390860026,0.016880825689925452,512.9524606865598,825.7886786425952
2023,Endcap,fromTau,0.11,5.0,0.692172218655005,0.01606299506633103,571.58798183623,825.7886786425952
2023,Endcap,fromTau,0.11,6.0,0.7451816803909778,0.015163936121411776,615.3625951987342,825.7886786425952
2023,Endcap,fromTau,0.12,2.0,0.4390495583790587,0.017269690611601194,362.56215467245784,825.7886786425952
2023,Endcap,fromTau,0.12,3.0,0.5294731553324148,0.017369195912027128,437.23293731868034,825.7886786425952
2023,Endcap,fromTau,0.12,4.0,0.6257727613984022,0.016839979670475014,516.7560617657145,825.7886786425952
2023,Endcap,fromTau,0.12,5.0,0.6973118609941428,0.01598736041081599,575.8322402921622,825.7886786425952
2023,Endcap,fromTau,0.12,6.0,0.7507251233286463,0.015053769701914214,619.9403076173621,825.7886786425952
2023,Endcap,fromL,0.05,2.0,0.13023526220517093,0.0858724022429641,2.0005607751663774,15.361129860626534
2023,Endcap,fromL,0.05,3.0,0.15916076889635247,0.09333895131005442,2.4448892397340387,15.361129860626534
2023,Endcap,fromL,0.05,4.0,0.1675191521431076,0.09528132288391425,2.5732834502123296,15.361129860626534
2023,Endcap,fromL,0.05,5.0,0.17501161932444023,0.09694954545287324,2.6883762115612626,15.361129860626534
2023,Endcap,fromL,0.05,6.0,0.18388570447596944,0.09884117425513347,2.8246921859681606,15.361129860626534
2023,Endcap,fromL,0.08,2.0,0.1568370068418543,0.09278301071578168,2.409193629049696,15.361129860626534
2023,Endcap,fromL,0.08,3.0,0.1951140611963302,0.1011113419088863,2.9971724316710606,15.361129860626534
2023,Endcap,fromL,0.08,4.0,0.20559752452487842,0.10311400484101971,3.158210273250006,15.361129860626534
2023,Endcap,fromL,0.08,5.0,0.2136750006038574,0.10458425769083937,3.2822894322453067,15.361129860626534
2023,Endcap,fromL,0.08,6.0,0.22254908575538662,0.10612991496187914,3.4186054066522047,15.361129860626534
2023,Endcap,fromL,0.09,2.0,0.16691168669160997,0.09514310349851918,2.56395209452603,15.361129860626534
2023,Endcap,fromL,0.09,3.0,0.20518874104608587,0.10303794496915715,3.1519308971473947,15.361129860626534
2023,Endcap,fromL,0.09,4.0,0.216831658135281,0.10514226463280309,3.330779258511029,15.361129860626534
2023,Endcap,fromL,0.09,5.0,0.22490913421425998,0.10652910443055545,3.4548584175063297,15.361129860626534
2023,Endcap,fromL,0.09,6.0,0.23404322271401348,0.10802855975774103,3.5951683371094987,15.361129860626534
2023,Endcap,fromL,0.1,2.0,0.17630292954478718,0.09723037142727266,2.7082121955463663,15.361129860626534
2023,Endcap,fromL,0.1,3.0,0.21664867630443177,0.1051101680521078,3.327968450845219,15.361129860626534
2023,Endcap,fromL,0.1,4.0,0.22829159339362692,0.10709273129983098,3.5068168122088537,15.361129860626534
2023,Endcap,fromL,0.1,5.0,0.2363690694726059,0.10839905544660126,3.630895971204154,15.361129860626534
2023,Endcap,fromL,0.1,6.0,0.24550315797235941,0.10981095647108846,3.771205890807323,15.361129860626534
2023,Endcap,fromL,0.11,2.0,0.1836599572497017,0.09879414545727112,2.8212244535097852,15.361129860626534
2023,Endcap,fromL,0.11,3.0,0.22809624989250304,0.10706045078630655,3.50381611532066,15.361129860626534
2023,Endcap,fromL,0.11,4.0,0.2428921378519481,0.10941428494228518,3.7310976716689765,15.361129860626534
2023,Endcap,fromL,0.11,5.0,0.25204686839245966,0.11078125097783866,3.8717246763408184,15.361129860626534
2023,Endcap,fromL,0.11,6.0,0.26118095689221316,0.11208002379050021,4.012034595943987,15.361129860626534
2023,Endcap,fromL,0.12,2.0,0.18828595467204215,0.09974678634319113,2.892285000649281,15.361129860626534
2023,Endcap,fromL,0.12,3.0,0.2327222473148435,0.10781611378739034,3.574876662460156,15.361129860626534
2023,Endcap,fromL,0.12,4.0,0.2475181352742886,0.110113343736939,3.802158218808472,15.361129860626534
2023,Endcap,fromL,0.12,5.0,0.25667286581480014,0.1114470026589102,3.942785223480314,15.361129860626534
2023,Endcap,fromL,0.12,6.0,0.26580695431455365,0.11271370419316665,4.083095143083483,15.361129860626534
2023,Endcap,fromC,0.05,2.0,0.04110535244666798,0.017578931207825933,5.243034480488859,127.55113795195939
2023,Endcap,fromC,0.05,3.0,0.051076079132405645,0.01949316254198127,6.514812015462667,127.55113795195939
2023,Endcap,fromC,0.05,4.0,0.06064428126361679,0.021133323433517138,7.735247085453011,127.55113795195939
2023,Endcap,fromC,0.05,5.0,0.06620005768979535,0.022014759053403294,8.443892690818757,127.55113795195939
2023,Endcap,fromC,0.05,6.0,0.07193681175702246,0.02287821818942644,9.175622200244106,127.55113795195939
2023,Endcap,fromC,0.08,2.0,0.05222374909257382,0.01969902654245058,6.6611986248753965,127.55113795195939
2023,Endcap,fromC,0.08,3.0,0.0656126370606372,0.021923760840255296,8.36896652111318,127.55113795195939
2023,Endcap,fromC,0.08,4.0,0.07900846442616741,0.023884846864863057,10.077619545394555,127.55113795195939
2023,Endcap,fromC,0.08,5.0,0.08567274299099184,0.024781637536535183,10.927655859966762,127.55113795195939
2023,Endcap,fromC,0.08,6.0,0.09248967473013255,0.025652532397328443,11.797163260634989,127.55113795195939
2023,Endcap,fromC,0.09,2.0,0.054876513670151054,0.02016486715835227,6.999561765464023,127.55113795195939
2023,Endcap,fromC,0.09,3.0,0.06888603934394957,0.022424607901614216,8.786492707324214,127.55113795195939
2023,Endcap,fromC,0.09,4.0,0.08403492221500154,0.024565589505125413,10.718749956227839,127.55113795195939
2023,Endcap,fromC,0.09,5.0,0.09071243589823733,0.02542973717240984,11.570474425214343,127.55113795195939
2023,Endcap,fromC,0.09,6.0,0.09752936763737803,0.026268911327938523,12.439981825882569,127.55113795195939
2023,Endcap,fromC,0.1,2.0,0.05861957254081358,0.020799923471807043,7.4769931838382035,127.55113795195939
2023,Endcap,fromC,0.1,3.0,0.07449742673997052,0.023249696200813588,9.502231555175968,127.55113795195939
2023,Endcap,fromC,0.1,4.0,0.09108021342143481,0.025476081522542642,11.617384866811335,127.55113795195939
2023,Endcap,fromC,0.1,5.0,0.09822134467757662,0.026351827851991777,12.528244284796529,127.55113795195939
2023,Endcap,fromC,0.1,6.0,0.10546082367121418,0.02719587856664492,13.451648068614304,127.55113795195939
2023,Endcap,fromC,0.11,2.0,0.06144667029945296,0.021263584906606903,7.83759272005409,127.55113795195939
2023,Endcap,fromC,0.11,3.0,0.07850597407052864,0.023815266540609954,10.013526328722946,127.55113795195939
2023,Endcap,fromC,0.11,4.0,0.09544548631567945,0.026016741468179564,12.174180391943082,127.55113795195939
2023,Endcap,fromC,0.11,5.0,0.102735778014626,0.02688307005115118,13.104065394145437,127.55113795195939
2023,Endcap,fromC,0.11,6.0,0.1101957065553469,0.027726012624019972,14.055587768554688,127.55113795195939
2023,Endcap,fromC,0.12,2.0,0.0651338982767616,0.021849226825458787,8.307902844448108,127.55113795195939
2023,Endcap,fromC,0.12,3.0,0.08350340669136337,0.024494882223254362,10.650954546348657,127.55113795195939
2023,Endcap,fromC,0.12,4.0,0.10093295446705713,0.02667290780592214,12.874113199126441,127.55113795195939
2023,Endcap,fromC,0.12,5.0,0.10881530001335658,0.027573168451609353,13.879515343287494,127.55113795195939
2023,Endcap,fromC,0.12,6.0,0.11654443314408343,0.02841161715865335,14.865375069493894,127.55113795195939
2023,Endcap,fromB,0.05,2.0,0.03911834727076624,0.00464918049938273,68.02649289619876,1738.9919984435546
2023,Endcap,fromB,0.05,3.0,0.05247571236854028,0.005347189249663734,91.25484392151702,1738.9919984435546
2023,Endcap,fromB,0.05,4.0,0.06661285100546148,0.005979448470341475,115.8392148920102,1738.9919984435546
2023,Endcap,fromB,0.05,5.0,0.07435963601925288,0.006291308446150061,129.3108120446559,1738.9919984435546
2023,Endcap,fromB,0.05,6.0,0.0813628370065743,0.00655595939637991,141.48932252509985,1738.9919984435546
2023,Endcap,fromB,0.08,2.0,0.04970057423395098,0.0052114928328683505,86.42890091089066,1738.9919984435546
2023,Endcap,fromB,0.08,3.0,0.06653098184355381,0.005976034948683823,115.69684507453348,1738.9919984435546
2023,Endcap,fromB,0.08,4.0,0.08456809079019366,0.0066721760118575195,147.06323320779484,1738.9919984435546
2023,Endcap,fromB,0.08,5.0,0.09526676181486349,0.0070401543816840505,165.66813651367556,1738.9919984435546
2023,Endcap,fromB,0.08,6.0,0.1049119463527167,0.007348463826848389,182.4410352485138,1738.9919984435546
2023,Endcap,fromB,0.09,2.0,0.053339852928332834,0.005388577858608637,92.7575774405268,1738.9919984435546
2023,Endcap,fromB,0.09,3.0,0.07143121028336887,0.006175928417745555,124.21830312191742,1738.9919984435546
2023,Endcap,fromB,0.09,4.0,0.09098752379416658,0.006896473203930011,158.22657583624823,1738.9919984435546
2023,Endcap,fromB,0.09,5.0,0.10258190842161564,0.007275854499398098,178.3891179302591,1738.9919984435546
2023,Endcap,fromB,0.09,6.0,0.1131811497973791,0.007597237738461414,196.8211138722836,1738.9919984435546
2023,Endcap,fromB,0.1,2.0,0.05734812121870148,0.0055755340722796806,99.72792392509291,1738.9919984435546
2023,Endcap,fromB,0.1,3.0,0.07653659024343377,0.006375226357026856,133.09651802148437,1738.9919984435546
2023,Endcap,fromB,0.1,4.0,0.09713958591181443,0.007101656105492807,168.92496263276553,1738.9919984435546
2023,Endcap,fromB,0.1,5.0,0.10969233193038955,0.007493925989914403,190.75408751756186,1738.9919984435546
2023,Endcap,fromB,0.1,6.0,0.12102027814609717,0.007821133689613137,210.45329534547636,1738.9919984435546
2023,Endcap,fromB,0.11,2.0,0.060679587444735394,0.005725051502439109,105.52131703525083,1738.9919984435546
2023,Endcap,fromB,0.11,3.0,0.08099230281921603,0.006542333159254621,140.84496653813403,1738.9919984435546
2023,Endcap,fromB,0.11,4.0,0.10265506778343339,0.0072781518507379584,178.51634147507139,1738.9919984435546
2023,Endcap,fromB,0.11,5.0,0.11628821645550937,0.007687309842580781,202.2242779294029,1738.9919984435546
2023,Endcap,fromB,0.11,6.0,0.1283152375179557,0.008019920281982467,223.13917132210918,1738.9919984435546
2023,Endcap,fromB,0.12,2.0,0.06435462091053167,0.005884325859347316,111.91217082628282,1738.9919984435546
2023,Endcap,fromB,0.12,3.0,0.08572418746689074,0.006713384354120566,149.07367607799824,1738.9919984435546
2023,Endcap,fromB,0.12,4.0,0.10843347425302666,0.007456066482910401,188.56494408944855,1738.9919984435546
2023,Endcap,fromB,0.12,5.0,0.12308364023320673,0.00787826273941323,214.04146550485166,1738.9919984435546
2023,Endcap,fromB,0.12,6.0,0.13592601569163462,0.00821822384716874,236.37425366806565,1738.9919984435546
2023,Endcap,fromPU,0.05,2.0,0.005024960884060464,0.003850025967974257,1.6949240379035473,337.30094164115144
2023,Endcap,fromPU,0.05,3.0,0.007840232856604757,0.004802269293049395,2.644517925218679,337.30094164115144
2023,Endcap,fromPU,0.05,4.0,0.02045897933417352,0.0077080499256122975,6.9008329944335856,337.30094164115144
2023,Endcap,fromPU,0.05,5.0,0.05637599792332261,0.012558501852545567,19.015677185496315,337.30094164115144
2023,Endcap,fromPU,0.05,6.0,0.08819430837853458,0.015440545945335954,29.748023263469804,337.30094164115144
2023,Endcap,fromPU,0.08,2.0,0.005619528335984851,0.0040702159261883026,1.8954721993068233,337.30094164115144
2023,Endcap,fromPU,0.08,3.0,0.008547802887400376,0.005012499731236681,2.8831819628831,337.30094164115144
2023,Endcap,fromPU,0.08,4.0,0.023107029522663768,0.00818063046290388,7.794022816524375,337.30094164115144
2023,Endcap,fromPU,0.08,5.0,0.06426665899752255,0.013352424677040493,21.677204595995136,337.30094164115144
2023,Endcap,fromPU,0.08,6.0,0.10356968280039709,0.016590742171766943,34.934151534049306,337.30094164115144
2023,Endcap,fromPU,0.09,2.0,0.0058141353623149036,0.004139687752878132,1.9611133325379342,337.30094164115144
2023,Endcap,fromPU,0.09,3.0,0.00879521296757911,0.005083889454530906,2.9666336158988997,337.30094164115144
2023,Endcap,fromPU,0.09,4.0,0.023973615883582117,0.00832892158587411,8.086323212075513,337.30094164115144
2023,Endcap,fromPU,0.09,5.0,0.0666549014733171,0.01358089508294229,22.48276103194803,337.30094164115144
2023,Endcap,fromPU,0.09,6.0,0.10797068399640207,0.016897938035877313,36.41861338162562,337.30094164115144
2023,Endcap,fromPU,0.1,2.0,0.005967914474752244,0.004193751761910478,2.0129831719677895,337.30094164115144
2023,Endcap,fromPU,0.1,3.0,0.009057230416041211,0.0051583786460119565,3.0550123479915783,337.30094164115144
2023,Endcap,fromPU,0.1,4.0,0.02443860044165545,0.00840730286439668,8.243162941362243,337.30094164115144
2023,Endcap,fromPU,0.1,5.0,0.06914254010364237,0.01381355560060456,23.32184388441965,337.30094164115144
2023,Endcap,fromPU,0.1,6.0,0.1116606481953048,0.017148681960644552,37.663241780537646,337.30094164115144
2023,Endcap,fromPU,0.11,2.0,0.006064357790671957,0.004227297021384612,2.0455135932425037,337.30094164115144
2023,Endcap,fromPU,0.11,3.0,0.009256646165893575,0.0052143315088038125,3.1222754681948572,337.30094164115144
2023,Endcap,fromPU,0.11,4.0,0.025212014703024546,0.008535915022135965,8.504036300000735,337.30094164115144
2023,Endcap,fromPU,0.11,5.0,0.07063967140436679,0.013951073389641905,23.826827681914438,337.30094164115144
2023,Endcap,fromPU,0.11,6.0,0.11492424541354808,0.017365499332168487,38.76405619538855,337.30094164115144
2023,Endcap,fromPU,0.12,2.0,0.006090111038960017,0.00423620857071162,2.054200188140385,337.30094164115144
2023,Endcap,fromPU,0.12,3.0,0.009282399414181635,0.00522151209543263,3.1309620630927384,337.30094164115144
2023,Endcap,fromPU,0.12,4.0,0.02584341062662102,0.008639339156420267,8.71700673957821,337.30094164115144
2023,Endcap,fromPU,0.12,5.0,0.07202303251047726,0.0140765271850482,24.293436685635243,337.30094164115144
2023,Endcap,fromPU,0.12,6.0,0.11768775725081647,0.017545591719834348,39.696191340335645,337.30094164115144
2023,Endcap,unknown,0.05,2.0,0.364275568937311,0.4764366779677844,0.3716367183951661,1.0202076397254132
2023,Endcap,unknown,0.05,3.0,0.3888136901692586,0.48262887017703776,0.3966706971405074,1.0202076397254132
2023,Endcap,unknown,0.05,4.0,0.40449063170291916,0.48590822119813176,0.41266443266067654,1.0202076397254132
2023,Endcap,unknown,0.05,5.0,0.4332589249585021,0.49059353184220134,0.44201406522188336,1.0202076397254132
2023,Endcap,unknown,0.05,6.0,0.4332589249585021,0.49059353184220134,0.44201406522188336,1.0202076397254132
2023,Endcap,unknown,0.08,2.0,0.4026898252244033,0.48555787139683615,0.4108272361336276,1.0202076397254132
2023,Endcap,unknown,0.08,3.0,0.42722794645635087,0.4897522626273116,0.4358612148789689,1.0202076397254132
2023,Endcap,unknown,0.08,4.0,0.44673930154802655,0.49220690852327076,0.4557668484048918,1.0202076397254132
2023,Endcap,unknown,0.08,5.0,0.4755075948036095,0.49442912460949345,0.4851164809660986,1.0202076397254132
2023,Endcap,unknown,0.08,6.0,0.4755075948036095,0.49442912460949345,0.4851164809660986,1.0202076397254132
2023,Endcap,unknown,0.09,2.0,0.4026898252244033,0.48555787139683615,0.4108272361336276,1.0202076397254132
2023,Endcap,unknown,0.09,3.0,0.42722794645635087,0.4897522626273116,0.4358612148789689,1.0202076397254132
2023,Endcap,unknown,0.09,4.0,0.44673930154802655,0.49220690852327076,0.4557668484048918,1.0202076397254132
2023,Endcap,unknown,0.09,5.0,0.4755075948036095,0.49442912460949345,0.4851164809660986,1.0202076397254132
2023,Endcap,unknown,0.09,6.0,0.4755075948036095,0.49442912460949345,0.4851164809660986,1.0202076397254132
2023,Endcap,unknown,0.1,2.0,0.4506134436766774,0.49260271421353014,0.45971927780192345,1.0202076397254132
2023,Endcap,unknown,0.1,3.0,0.475151564908625,0.49441171143134977,0.48475325654726475,1.0202076397254132
2023,Endcap,unknown,0.1,4.0,0.4946629200003007,0.4949951867886136,0.5046588900731876,1.0202076397254132
2023,Endcap,unknown,0.1,5.0,0.5234312132558837,0.49447953253149407,0.5340085226343945,1.0202076397254132
2023,Endcap,unknown,0.1,6.0,0.5234312132558837,0.49447953253149407,0.5340085226343945,1.0202076397254132
2023,Endcap,unknown,0.11,2.0,0.4506134436766774,0.49260271421353014,0.45971927780192345,1.0202076397254132
2023,Endcap,unknown,0.11,3.0,0.475151564908625,0.49441171143134977,0.48475325654726475,1.0202076397254132
2023,Endcap,unknown,0.11,4.0,0.4946629200003007,0.4949951867886136,0.5046588900731876,1.0202076397254132
2023,Endcap,unknown,0.11,5.0,0.5234312132558837,0.49447953253149407,0.5340085226343945,1.0202076397254132
2023,Endcap,unknown,0.11,6.0,0.5234312132558837,0.49447953253149407,0.5340085226343945,1.0202076397254132
2023,Endcap,unknown,0.12,2.0,0.4506134436766774,0.49260271421353014,0.45971927780192345,1.0202076397254132
2023,Endcap,unknown,0.12,3.0,0.475151564908625,0.49441171143134977,0.48475325654726475,1.0202076397254132
2023,Endcap,unknown,0.12,4.0,0.4946629200003007,0.4949951867886136,0.5046588900731876,1.0202076397254132
2023,Endcap,unknown,0.12,5.0,0.5234312132558837,0.49447953253149407,0.5340085226343945,1.0202076397254132
2023,Endcap,unknown,0.12,6.0,0.5234312132558837,0.49447953253149407,0.5340085226343945,1.0202076397254132
